# Total velocity (m/s),Air temperature (K),Air pressure (Pa),Mach number (â€‹)
0.082,282.365,9.11e4,0.007
0.05,282.365,9.11e4,0.007
0.018,282.365,9.11e4,0.007
0.014,282.365,9.11e4,0.007
0.06,282.365,9.11e4,0.007
0.139,282.365,9.11e4,0.007
0.249,282.365,9.11e4,0.007
0.391,282.365,9.11e4,0.007
0.566,282.365,9.11e4,0.007
0.772,282.365,9.11e4,0.007
1.011,282.365,9.11e4,0.007
1.281,282.365,9.11e4,0.008
1.584,282.365,9.11e4,0.008
1.919,282.365,9.11e4,0.009
2.286,282.364,9.11e4,0.009
2.679,282.364,9.11e4,0.01
3.077,282.364,9.11e4,0.011
3.475,282.364,9.11e4,0.012
3.875,282.364,9.11e4,0.013
4.277,282.363,9.11e4,0.014
4.679,282.363,9.11e4,0.015
5.083,282.363,9.11e4,0.016
5.488,282.362,9.11e4,0.017
5.895,282.362,9.11e4,0.018
6.303,282.362,9.11e4,0.02
6.712,282.361,9.11e4,0.021
7.122,282.361,9.11e4,0.022
7.534,282.36,9.11e4,0.023
7.947,282.36,9.109e4,0.024
8.361,282.359,9.109e4,0.026
8.777,282.359,9.109e4,0.027
9.194,282.358,9.109e4,0.028
9.612,282.357,9.109e4,0.029
10.032,282.357,9.109e4,0.03
10.453,282.356,9.109e4,0.032
10.875,282.355,9.109e4,0.033
11.299,282.355,9.109e4,0.034
11.724,282.354,9.108e4,0.035
12.15,282.353,9.108e4,0.037
12.578,282.352,9.108e4,0.038
13.007,282.352,9.108e4,0.039
13.437,282.351,9.108e4,0.04
13.868,282.35,9.108e4,0.042
14.301,282.349,9.108e4,0.043
14.735,282.348,9.107e4,0.044
15.171,282.347,9.107e4,0.045
15.607,282.346,9.107e4,0.047
16.045,282.345,9.107e4,0.048
16.484,282.344,9.107e4,0.049
16.923,282.343,9.107e4,0.051
17.364,282.342,9.106e4,0.052
17.805,282.341,9.106e4,0.053
18.248,282.339,9.106e4,0.054
18.691,282.338,9.106e4,0.056
19.135,282.337,9.106e4,0.057
19.581,282.336,9.105e4,0.058
20.027,282.334,9.105e4,0.06
20.474,282.333,9.105e4,0.061
20.922,282.332,9.105e4,0.062
21.371,282.33,9.104e4,0.064
21.821,282.329,9.104e4,0.065
22.272,282.328,9.104e4,0.066
22.724,282.326,9.104e4,0.068
23.177,282.325,9.103e4,0.069
23.631,282.323,9.103e4,0.07
24.313,282.321,9.103e4,0.072
25.341,282.317,9.102e4,0.075
26.891,282.311,9.101e4,0.08
29.207,282.302,9.1e4,0.087
31.547,282.292,9.098e4,0.094
33.91,282.282,9.096e4,0.101
36.296,282.27,9.094e4,0.108
38.706,282.258,9.092e4,0.115
41.139,282.245,9.09e4,0.122
43.594,282.231,9.087e4,0.13
46.073,282.217,9.085e4,0.137
48.572,282.201,9.082e4,0.144
51.093,282.185,9.079e4,0.152
53.634,282.168,9.077e4,0.159
56.196,282.15,9.073e4,0.167
58.779,282.132,9.07e4,0.175
61.382,282.112,9.067e4,0.182
64.005,282.092,9.063e4,0.19
66.648,282.071,9.06e4,0.198
69.31,282.049,9.056e4,0.206
71.991,282.026,9.052e4,0.214
74.691,282.002,9.048e4,0.222
77.409,281.977,9.044e4,0.23
80.141,281.951,9.039e4,0.238
82.882,281.925,9.035e4,0.246
85.633,281.898,9.03e4,0.255
88.394,281.869,9.025e4,0.263
91.165,281.84,9.02e4,0.271
93.946,281.81,9.015e4,0.279
96.736,281.779,9.01e4,0.288
99.533,281.747,9.004e4,0.296
102.338,281.714,8.999e4,0.304
105.15,281.681,8.993e4,0.313
107.968,281.646,8.987e4,0.321
110.794,281.611,8.981e4,0.33
113.624,281.574,8.975e4,0.338
116.458,281.537,8.969e4,0.346
119.294,281.498,8.963e4,0.355
122.133,281.459,8.956e4,0.363
124.975,281.419,8.95e4,0.372
127.818,281.378,8.943e4,0.38
130.663,281.336,8.936e4,0.389
133.506,281.293,8.929e4,0.397
136.346,281.249,8.922e4,0.406
139.184,281.205,8.915e4,0.414
142.019,281.159,8.907e4,0.423
144.851,281.112,8.899e4,0.431
147.679,281.065,8.892e4,0.44
150.498,281.016,8.884e4,0.448
153.307,280.967,8.876e4,0.457
156.106,280.917,8.867e4,0.465
158.894,280.866,8.859e4,0.473
161.672,280.814,8.851e4,0.482
164.438,280.761,8.842e4,0.49
167.181,280.707,8.833e4,0.498
169.891,280.652,8.824e4,0.506
172.568,280.597,8.815e4,0.514
175.213,280.54,8.806e4,0.522
177.824,280.483,8.796e4,0.53
180.402,280.425,8.787e4,0.538
182.944,280.366,8.777e4,0.545
185.445,280.306,8.767e4,0.553
187.906,280.245,8.758e4,0.56
190.325,280.184,8.748e4,0.567
192.704,280.122,8.737e4,0.575
195.042,280.059,8.727e4,0.582
197.337,279.995,8.717e4,0.589
199.585,279.93,8.706e4,0.595
201.786,279.865,8.695e4,0.602
203.938,279.799,8.685e4,0.608
206.043,279.733,8.674e4,0.615
208.1,279.666,8.663e4,0.621
210.108,279.598,8.652e4,0.627
212.059,279.529,8.64e4,0.633
213.953,279.46,8.629e4,0.639
215.789,279.39,8.618e4,0.644
217.567,279.32,8.606e4,0.65
219.288,279.249,8.595e4,0.655
220.952,279.178,8.583e4,0.66
222.553,279.106,8.571e4,0.665
224.088,279.033,8.559e4,0.669
225.558,278.96,8.547e4,0.674
226.964,278.887,8.535e4,0.678
228.304,278.813,8.523e4,0.682
229.579,278.738,8.511e4,0.686
230.794,278.664,8.499e4,0.69
231.953,278.589,8.486e4,0.694
233.057,278.513,8.474e4,0.697
234.106,278.437,8.462e4,0.7
235.101,278.361,8.45e4,0.703
236.04,278.285,8.438e4,0.706
236.928,278.208,8.426e4,0.709
237.772,278.131,8.414e4,0.712
238.572,278.054,8.402e4,0.714
239.328,277.976,8.39e4,0.716
240.041,277.898,8.377e4,0.719
240.71,277.82,8.365e4,0.721
241.337,277.742,8.353e4,0.723
241.927,277.663,8.341e4,0.725
242.48,277.585,8.329e4,0.726
242.998,277.506,8.316e4,0.728
243.479,277.427,8.304e4,0.73
243.925,277.348,8.292e4,0.731
244.336,277.269,8.279e4,0.732
244.716,277.189,8.267e4,0.734
245.068,277.11,8.255e4,0.735
245.392,277.03,8.242e4,0.736
245.688,276.951,8.23e4,0.737
245.956,276.871,8.217e4,0.738
246.197,276.791,8.205e4,0.738
246.397,276.711,8.193e4,0.739
246.549,276.631,8.18e4,0.74
246.653,276.551,8.168e4,0.74
246.707,276.471,8.155e4,0.741
246.714,276.391,8.143e4,0.741
246.673,276.311,8.13e4,0.741
246.574,276.231,8.118e4,0.74
246.402,276.151,8.105e4,0.74
246.156,276.071,8.093e4,0.739
245.836,275.991,8.08e4,0.739
245.443,275.911,8.068e4,0.737
244.977,275.832,8.056e4,0.736
244.441,275.752,8.043e4,0.735
243.849,275.673,8.031e4,0.733
243.202,275.594,8.019e4,0.731
242.499,275.515,8.006e4,0.729
241.742,275.437,7.994e4,0.727
240.932,275.358,7.982e4,0.725
240.069,275.28,7.97e4,0.722
239.171,275.202,7.958e4,0.72
238.243,275.125,7.946e4,0.717
237.286,275.048,7.934e4,0.714
236.298,274.971,7.923e4,0.711
235.281,274.894,7.912e4,0.708
234.235,274.818,7.9e4,0.705
233.177,274.742,7.889e4,0.702
232.117,274.667,7.878e4,0.699
231.057,274.592,7.867e4,0.696
229.995,274.517,7.856e4,0.693
228.932,274.442,7.845e4,0.69
227.868,274.368,7.834e4,0.687
226.805,274.294,7.823e4,0.683
225.748,274.221,7.812e4,0.68
224.698,274.148,7.801e4,0.677
223.654,274.075,7.79e4,0.674
222.615,274.003,7.78e4,0.671
221.583,273.931,7.769e4,0.668
221.26,273.908,7.766e4,0.667
220.775,273.874,7.761e4,0.666
220.05,273.823,7.753e4,0.664
219.033,273.752,7.743e4,0.661
218.022,273.681,7.732e4,0.658
217.017,273.611,7.722e4,0.655
216.017,273.54,7.711e4,0.652
215.023,273.471,7.701e4,0.649
214.035,273.401,7.691e4,0.646
213.052,273.332,7.68e4,0.643
212.075,273.263,7.67e4,0.64
211.103,273.194,7.66e4,0.637
210.137,273.126,7.65e4,0.635
209.176,273.058,7.64e4,0.632
208.22,272.99,7.63e4,0.629
207.269,272.922,7.62e4,0.626
206.323,272.855,7.61e4,0.623
205.382,272.789,7.6e4,0.621
204.446,272.722,7.59e4,0.618
203.514,272.656,7.58e4,0.615
202.588,272.59,7.57e4,0.612
201.666,272.524,7.561e4,0.61
200.75,272.459,7.551e4,0.607
199.837,272.394,7.541e4,0.604
198.93,272.329,7.532e4,0.602
198.027,272.265,7.522e4,0.599
197.128,272.201,7.513e4,0.596
196.234,272.137,7.503e4,0.594
195.344,272.074,7.494e4,0.591
194.459,272.01,7.485e4,0.589
193.577,271.947,7.475e4,0.586
192.7,271.885,7.466e4,0.583
191.827,271.822,7.457e4,0.581
190.959,271.76,7.449e4,0.578
190.094,271.698,7.44e4,0.576
189.234,271.637,7.431e4,0.573
188.377,271.576,7.423e4,0.571
187.524,271.515,7.414e4,0.568
186.675,271.454,7.405e4,0.566
185.83,271.394,7.397e4,0.563
184.989,271.333,7.389e4,0.561
184.151,271.273,7.38e4,0.558
183.317,271.214,7.372e4,0.556
182.486,271.155,7.363e4,0.553
181.66,271.095,7.355e4,0.551
180.836,271.037,7.347e4,0.548
180.017,270.978,7.339e4,0.546
179.201,270.92,7.33e4,0.544
178.388,270.862,7.322e4,0.541
177.579,270.804,7.314e4,0.539
176.774,270.747,7.306e4,0.536
175.971,270.689,7.298e4,0.534
175.172,270.632,7.29e4,0.532
174.376,270.576,7.282e4,0.529
173.584,270.519,7.274e4,0.527
172.794,270.463,7.266e4,0.525
172.008,270.407,7.258e4,0.522
171.225,270.352,7.25e4,0.52
170.445,270.296,7.243e4,0.518
169.668,270.241,7.235e4,0.515
168.894,270.186,7.227e4,0.513
168.123,270.131,7.219e4,0.511
167.355,270.077,7.212e4,0.508
166.59,270.023,7.204e4,0.506
165.828,269.969,7.196e4,0.504
165.069,269.915,7.189e4,0.502
164.313,269.862,7.181e4,0.499
163.559,269.809,7.174e4,0.497
162.809,269.756,7.166e4,0.495
162.061,269.703,7.159e4,0.493
161.315,269.651,7.152e4,0.491
160.573,269.598,7.144e4,0.488
159.833,269.546,7.137e4,0.486
159.095,269.495,7.13e4,0.484
158.36,269.443,7.122e4,0.482
157.628,269.392,7.115e4,0.48
156.899,269.341,7.108e4,0.477
156.172,269.29,7.101e4,0.475
155.448,269.24,7.094e4,0.473
154.726,269.189,7.087e4,0.471
154.007,269.139,7.08e4,0.469
153.29,269.089,7.073e4,0.467
152.575,269.04,7.066e4,0.464
151.863,268.99,7.059e4,0.462
151.153,268.941,7.052e4,0.46
150.446,268.892,7.045e4,0.458
149.74,268.844,7.038e4,0.456
149.037,268.795,7.031e4,0.454
148.337,268.747,7.025e4,0.452
147.639,268.699,7.018e4,0.45
146.943,268.651,7.011e4,0.448
146.249,268.604,7.005e4,0.446
145.557,268.556,6.998e4,0.444
144.868,268.509,6.992e4,0.442
144.18,268.463,6.986e4,0.439
143.495,268.416,6.98e4,0.437
142.812,268.369,6.973e4,0.435
142.131,268.323,6.967e4,0.433
141.452,268.277,6.961e4,0.431
140.775,268.232,6.955e4,0.429
140.1,268.186,6.949e4,0.427
139.427,268.141,6.943e4,0.425
138.756,268.096,6.937e4,0.423
138.087,268.051,6.931e4,0.421
137.42,268.006,6.925e4,0.419
136.754,267.962,6.919e4,0.417
136.091,267.917,6.913e4,0.415
135.43,267.873,6.907e4,0.413
134.771,267.83,6.901e4,0.411
134.113,267.786,6.895e4,0.409
133.458,267.743,6.89e4,0.407
132.804,267.699,6.884e4,0.405
132.152,267.656,6.878e4,0.403
131.501,267.614,6.872e4,0.401
130.853,267.571,6.867e4,0.399
130.206,267.529,6.861e4,0.398
129.561,267.487,6.855e4,0.396
128.917,267.445,6.85e4,0.394
128.276,267.403,6.844e4,0.392
127.636,267.362,6.839e4,0.39
126.997,267.32,6.833e4,0.388
126.361,267.279,6.828e4,0.386
125.726,267.239,6.822e4,0.384
125.093,267.198,6.817e4,0.382
124.461,267.157,6.811e4,0.38
123.831,267.117,6.806e4,0.378
123.202,267.077,6.801e4,0.377
122.575,267.037,6.795e4,0.375
121.95,266.998,6.79e4,0.373
121.326,266.958,6.785e4,0.371
120.704,266.919,6.779e4,0.369
120.083,266.88,6.774e4,0.367
119.464,266.841,6.769e4,0.365
118.846,266.803,6.764e4,0.364
118.229,266.764,6.759e4,0.362
117.614,266.726,6.754e4,0.36
117,266.688,6.749e4,0.358
116.388,266.65,6.744e4,0.356
115.777,266.613,6.739e4,0.354
115.168,266.575,6.734e4,0.352
114.56,266.538,6.729e4,0.351
113.954,266.501,6.724e4,0.349
113.349,266.464,6.719e4,0.347
112.745,266.428,6.714e4,0.345
112.143,266.391,6.709e4,0.343
111.542,266.355,6.704e4,0.341
110.942,266.319,6.699e4,0.34
110.344,266.283,6.694e4,0.338
109.747,266.247,6.69e4,0.336
109.151,266.212,6.685e4,0.334
108.557,266.177,6.68e4,0.332
107.964,266.142,6.676e4,0.331
107.372,266.107,6.671e4,0.329
106.781,266.072,6.666e4,0.327
106.191,266.038,6.662e4,0.325
105.603,266.003,6.657e4,0.323
105.015,265.969,6.652e4,0.322
104.429,265.935,6.648e4,0.32
103.845,265.902,6.643e4,0.318
103.261,265.868,6.639e4,0.316
102.679,265.835,6.635e4,0.315
102.097,265.801,6.63e4,0.313
101.517,265.769,6.626e4,0.311
100.939,265.736,6.621e4,0.309
100.361,265.703,6.617e4,0.308
99.784,265.671,6.613e4,0.306
99.209,265.639,6.608e4,0.304
98.634,265.607,6.604e4,0.302
98.061,265.575,6.6e4,0.301
97.489,265.543,6.596e4,0.299
96.918,265.512,6.591e4,0.297
96.348,265.48,6.587e4,0.295
95.779,265.449,6.583e4,0.294
95.211,265.418,6.579e4,0.292
94.644,265.388,6.575e4,0.29
94.078,265.357,6.571e4,0.289
93.513,265.327,6.567e4,0.287
92.949,265.297,6.563e4,0.285
92.386,265.267,6.559e4,0.284
91.824,265.237,6.556e4,0.282
91.263,265.207,6.552e4,0.28
90.703,265.178,6.548e4,0.278
90.144,265.148,6.544e4,0.277
89.586,265.119,6.541e4,0.275
89.029,265.09,6.537e4,0.273
88.473,265.062,6.533e4,0.272
87.917,265.033,6.53e4,0.27
87.363,265.005,6.526e4,0.268
86.81,264.977,6.523e4,0.267
86.257,264.949,6.519e4,0.265
85.705,264.921,6.516e4,0.263
85.155,264.893,6.512e4,0.262
84.605,264.866,6.509e4,0.26
84.056,264.839,6.505e4,0.258
83.508,264.811,6.502e4,0.257
82.961,264.785,6.498e4,0.255
82.414,264.758,6.495e4,0.253
81.869,264.731,6.492e4,0.252
81.324,264.705,6.488e4,0.25
80.781,264.679,6.485e4,0.248
80.238,264.653,6.482e4,0.247
79.695,264.627,6.478e4,0.245
79.154,264.601,6.475e4,0.243
78.614,264.576,6.472e4,0.242
78.074,264.55,6.469e4,0.24
77.535,264.525,6.465e4,0.239
76.997,264.5,6.462e4,0.237
76.459,264.475,6.459e4,0.235
75.923,264.451,6.456e4,0.234
75.387,264.426,6.453e4,0.232
74.852,264.402,6.45e4,0.23
74.317,264.378,6.447e4,0.229
73.784,264.354,6.444e4,0.227
73.251,264.33,6.441e4,0.225
72.718,264.307,6.438e4,0.224
72.187,264.283,6.435e4,0.222
71.656,264.26,6.432e4,0.221
71.126,264.237,6.429e4,0.219
70.596,264.214,6.426e4,0.217
70.068,264.192,6.423e4,0.216
69.54,264.169,6.42e4,0.214
69.012,264.147,6.417e4,0.213
68.486,264.125,6.415e4,0.211
67.96,264.103,6.412e4,0.209
67.435,264.081,6.409e4,0.208
66.911,264.059,6.406e4,0.206
66.387,264.038,6.404e4,0.205
65.864,264.016,6.401e4,0.203
65.342,263.995,6.398e4,0.201
64.82,263.974,6.395e4,0.2
64.299,263.953,6.393e4,0.198
63.779,263.933,6.39e4,0.197
63.259,263.912,6.388e4,0.195
62.74,263.892,6.385e4,0.193
62.222,263.872,6.382e4,0.192
61.704,263.852,6.38e4,0.19
61.187,263.832,6.377e4,0.189
60.671,263.812,6.375e4,0.187
60.155,263.793,6.372e4,0.186
59.639,263.774,6.37e4,0.184
59.125,263.755,6.368e4,0.182
58.61,263.736,6.365e4,0.181
58.097,263.717,6.363e4,0.179
57.584,263.698,6.36e4,0.178
57.072,263.68,6.358e4,0.176
56.56,263.661,6.356e4,0.175
56.049,263.643,6.354e4,0.173
55.538,263.625,6.351e4,0.172
55.028,263.608,6.349e4,0.17
54.518,263.59,6.347e4,0.169
54.01,263.573,6.345e4,0.167
53.501,263.555,6.342e4,0.165
52.993,263.538,6.34e4,0.164
52.486,263.521,6.338e4,0.163
51.98,263.504,6.336e4,0.161
51.473,263.488,6.334e4,0.159
50.968,263.471,6.332e4,0.158
50.463,263.455,6.33e4,0.156
49.958,263.439,6.328e4,0.155
49.454,263.423,6.326e4,0.153
48.951,263.407,6.324e4,0.152
48.448,263.392,6.322e4,0.15
47.946,263.376,6.32e4,0.149
47.444,263.361,6.318e4,0.147
46.942,263.346,6.316e4,0.146
46.442,263.331,6.314e4,0.144
45.942,263.316,6.312e4,0.143
45.442,263.302,6.31e4,0.141
44.943,263.287,6.308e4,0.14
44.444,263.273,6.306e4,0.138
43.946,263.259,6.305e4,0.136
43.449,263.245,6.303e4,0.135
42.952,263.231,6.301e4,0.133
42.456,263.217,6.299e4,0.132
41.96,263.204,6.298e4,0.13
41.465,263.19,6.296e4,0.129
40.971,263.177,6.294e4,0.127
40.477,263.164,6.293e4,0.126
39.983,263.152,6.291e4,0.125
39.491,263.139,6.29e4,0.123
38.998,263.126,6.288e4,0.122
38.507,263.114,6.286e4,0.12
38.016,263.102,6.285e4,0.119
37.526,263.09,6.283e4,0.117
37.036,263.078,6.282e4,0.116
36.547,263.066,6.28e4,0.114
36.058,263.055,6.279e4,0.113
35.57,263.044,6.277e4,0.111
35.083,263.032,6.276e4,0.11
34.596,263.021,6.275e4,0.108
34.11,263.01,6.273e4,0.107
33.624,263,6.272e4,0.105
33.14,262.989,6.271e4,0.103
32.655,262.979,6.269e4,0.102
32.172,262.969,6.268e4,0.1
31.689,262.959,6.267e4,0.099
31.207,262.949,6.265e4,0.098
30.726,262.939,6.264e4,0.096
30.245,262.929,6.263e4,0.095
29.765,262.92,6.262e4,0.093
29.286,262.911,6.261e4,0.092
28.808,262.902,6.259e4,0.09
28.331,262.893,6.258e4,0.089
27.854,262.884,6.257e4,0.088
27.379,262.875,6.256e4,0.086
26.904,262.867,6.255e4,0.085
26.43,262.859,6.254e4,0.083
25.957,262.85,6.253e4,0.082
25.485,262.842,6.252e4,0.08
25.015,262.835,6.251e4,0.079
24.545,262.827,6.25e4,0.078
24.076,262.82,6.249e4,0.076
23.609,262.812,6.248e4,0.075
23.143,262.805,6.247e4,0.073
22.678,262.798,6.246e4,0.072
22.215,262.791,6.245e4,0.07
21.753,262.785,6.245e4,0.069
21.292,262.778,6.244e4,0.068
20.834,262.772,6.243e4,0.067
20.376,262.765,6.242e4,0.065
19.921,262.759,6.241e4,0.064
19.468,262.754,6.241e4,0.062
19.016,262.748,6.24e4,0.061
18.567,262.742,6.239e4,0.06
18.12,262.737,6.238e4,0.058
17.675,262.732,6.238e4,0.057
17.233,262.726,6.237e4,0.056
16.794,262.722,6.237e4,0.055
16.357,262.717,6.236e4,0.054
15.924,262.712,6.235e4,0.052
15.495,262.708,6.235e4,0.051
15.069,262.703,6.234e4,0.05
14.647,262.699,6.234e4,0.048
14.229,262.695,6.233e4,0.047
13.816,262.691,6.233e4,0.046
13.408,262.688,6.232e4,0.045
13.006,262.684,6.232e4,0.043
12.61,262.681,6.231e4,0.042
12.221,262.678,6.231e4,0.041
11.838,262.675,6.231e4,0.04
11.464,262.672,6.23e4,0.039
11.099,262.669,6.23e4,0.038
10.743,262.667,6.23e4,0.037
10.398,262.664,6.229e4,0.036
10.064,262.662,6.229e4,0.035
9.743,262.66,6.229e4,0.034
9.436,262.658,6.228e4,0.034
9.144,262.656,6.228e4,0.033
8.869,262.655,6.228e4,0.033
8.612,262.653,6.228e4,0.032
8.374,262.652,6.228e4,0.031
8.158,262.651,6.228e4,0.031
7.966,262.65,6.227e4,0.03
7.797,262.649,6.227e4,0.029
7.656,262.648,6.227e4,0.029
7.541,262.648,6.227e4,0.029
7.455,262.647,6.227e4,0.029
7.399,262.647,6.227e4,0.028
7.373,262.647,6.227e4,0.028
7.385,262.647,6.227e4,0.028
9.143,262.647,6.227e4,0.028
9.257,262.647,6.227e4,0.028
10.641,262.653,6.228e4,0.029
12.151,262.668,6.23e4,0.034
13.313,262.685,6.232e4,0.037
14.384,262.706,6.235e4,0.041
15.294,262.728,6.237e4,0.044
16.118,262.754,6.241e4,0.047
16.882,262.785,6.245e4,0.05
17.545,262.822,6.249e4,0.052
17.956,262.871,6.255e4,0.054
18.192,262.928,6.263e4,0.055
18.322,262.986,6.27e4,0.056
18.384,263.045,6.278e4,0.056
18.421,263.105,6.285e4,0.057
18.425,263.165,6.293e4,0.057
18.427,263.224,6.3e4,0.057
18.419,263.284,6.308e4,0.057
18.413,263.344,6.316e4,0.057
18.407,263.404,6.323e4,0.057
18.398,263.464,6.331e4,0.057
18.389,263.524,6.338e4,0.057
18.38,263.583,6.346e4,0.056
18.371,263.643,6.353e4,0.056
18.363,263.703,6.361e4,0.056
18.355,263.763,6.369e4,0.056
18.345,263.822,6.376e4,0.056
18.336,263.882,6.384e4,0.056
18.328,263.942,6.391e4,0.056
18.319,264.001,6.399e4,0.056
18.31,264.061,6.406e4,0.056
18.301,264.12,6.414e4,0.056
18.293,264.18,6.422e4,0.056
18.284,264.239,6.429e4,0.056
18.275,264.299,6.437e4,0.056
18.267,264.358,6.444e4,0.056
18.258,264.417,6.452e4,0.056
18.249,264.477,6.459e4,0.056
18.241,264.536,6.467e4,0.056
18.232,264.595,6.474e4,0.056
18.224,264.655,6.482e4,0.056
18.215,264.714,6.489e4,0.056
18.207,264.773,6.497e4,0.056
18.199,264.832,6.504e4,0.056
18.19,264.891,6.512e4,0.056
18.182,264.951,6.519e4,0.056
18.173,265.01,6.527e4,0.056
18.165,265.069,6.534e4,0.056
18.156,265.128,6.542e4,0.056
18.148,265.187,6.549e4,0.056
18.14,265.246,6.557e4,0.056
18.131,265.305,6.564e4,0.056
18.123,265.364,6.572e4,0.056
18.114,265.423,6.579e4,0.055
18.106,265.481,6.587e4,0.055
18.098,265.54,6.595e4,0.055
18.088,265.599,6.603e4,0.055
18.08,265.658,6.611e4,0.055
18.071,265.717,6.619e4,0.055
18.062,265.775,6.627e4,0.055
18.054,265.834,6.634e4,0.055
18.045,265.893,6.642e4,0.055
18.036,265.952,6.65e4,0.055
18.028,266.01,6.658e4,0.055
18.019,266.069,6.666e4,0.055
18.011,266.127,6.674e4,0.055
18.002,266.186,6.681e4,0.055
17.995,266.244,6.689e4,0.055
17.984,266.303,6.697e4,0.055
17.976,266.361,6.705e4,0.055
17.968,266.42,6.713e4,0.055
17.959,266.478,6.721e4,0.055
17.952,266.537,6.728e4,0.055
17.943,266.595,6.736e4,0.055
17.933,266.653,6.744e4,0.055
17.926,266.712,6.752e4,0.055
17.917,266.77,6.76e4,0.055
17.909,266.828,6.767e4,0.055
17.901,266.886,6.775e4,0.055
17.893,266.944,6.783e4,0.055
17.884,267.003,6.791e4,0.055
17.876,267.061,6.798e4,0.055
17.867,267.119,6.806e4,0.055
17.859,267.177,6.814e4,0.055
17.851,267.235,6.822e4,0.055
17.843,267.293,6.829e4,0.054
17.835,267.351,6.837e4,0.054
17.826,267.409,6.845e4,0.054
17.818,267.467,6.853e4,0.054
17.811,267.525,6.86e4,0.054
17.802,267.583,6.868e4,0.054
17.794,267.641,6.876e4,0.054
17.786,267.698,6.884e4,0.054
17.778,267.756,6.891e4,0.054
17.77,267.814,6.899e4,0.054
17.762,267.872,6.907e4,0.054
17.754,267.93,6.915e4,0.054
17.747,267.987,6.922e4,0.054
17.738,268.045,6.93e4,0.054
17.73,268.103,6.938e4,0.054
17.722,268.16,6.945e4,0.054
17.715,268.218,6.953e4,0.054
17.706,268.275,6.961e4,0.054
17.698,268.333,6.968e4,0.054
17.691,268.391,6.976e4,0.054
17.683,268.448,6.984e4,0.054
17.675,268.506,6.992e4,0.054
17.667,268.563,6.999e4,0.054
17.659,268.62,7.007e4,0.054
17.653,268.678,7.015e4,0.054
17.643,268.735,7.023e4,0.054
17.635,268.793,7.031e4,0.054
17.627,268.85,7.039e4,0.054
17.619,268.907,7.047e4,0.054
17.61,268.964,7.055e4,0.054
17.602,269.022,7.063e4,0.054
17.594,269.079,7.071e4,0.054
17.586,269.136,7.079e4,0.054
17.578,269.193,7.087e4,0.053
17.571,269.25,7.095e4,0.053
17.562,269.308,7.103e4,0.053
17.554,269.365,7.111e4,0.053
17.546,269.422,7.119e4,0.053
17.538,269.479,7.127e4,0.053
17.53,269.536,7.136e4,0.053
17.522,269.593,7.144e4,0.053
17.514,269.65,7.152e4,0.053
17.507,269.707,7.16e4,0.053
17.497,269.764,7.168e4,0.053
17.491,269.82,7.176e4,0.053
17.482,269.877,7.184e4,0.053
17.474,269.934,7.192e4,0.053
17.467,269.991,7.2e4,0.053
17.458,270.048,7.208e4,0.053
17.45,270.104,7.216e4,0.053
17.443,270.161,7.224e4,0.053
17.435,270.218,7.232e4,0.053
17.427,270.274,7.239e4,0.053
17.42,270.331,7.247e4,0.053
17.412,270.388,7.255e4,0.053
17.405,270.444,7.263e4,0.053
17.396,270.501,7.271e4,0.053
17.388,270.557,7.279e4,0.053
17.381,270.614,7.287e4,0.053
17.373,270.671,7.295e4,0.053
17.367,270.727,7.303e4,0.053
17.358,270.783,7.311e4,0.053
17.35,270.84,7.319e4,0.053
17.343,270.896,7.327e4,0.053
17.336,270.953,7.335e4,0.053
17.327,271.009,7.343e4,0.053
17.32,271.065,7.351e4,0.053
17.313,271.122,7.359e4,0.052
17.305,271.178,7.367e4,0.052
17.298,271.234,7.375e4,0.052
17.29,271.29,7.382e4,0.052
17.283,271.347,7.39e4,0.052
17.275,271.403,7.398e4,0.052
17.269,271.459,7.406e4,0.052
17.26,271.515,7.414e4,0.052
17.253,271.571,7.422e4,0.052
17.246,271.627,7.43e4,0.052
17.238,271.683,7.438e4,0.052
17.231,271.739,7.446e4,0.052
17.224,271.795,7.454e4,0.052
17.216,271.851,7.461e4,0.052
17.209,271.907,7.469e4,0.052
17.201,271.963,7.478e4,0.052
17.194,272.019,7.486e4,0.052
17.186,272.075,7.494e4,0.052
17.179,272.131,7.502e4,0.052
17.171,272.187,7.511e4,0.052
17.163,272.243,7.519e4,0.052
17.156,272.298,7.527e4,0.052
17.148,272.354,7.536e4,0.052
17.14,272.41,7.544e4,0.052
17.133,272.466,7.552e4,0.052
17.125,272.521,7.56e4,0.052
17.118,272.577,7.568e4,0.052
17.111,272.633,7.577e4,0.052
17.102,272.688,7.585e4,0.052
17.095,272.744,7.593e4,0.052
17.087,272.799,7.601e4,0.052
17.08,272.855,7.61e4,0.052
17.072,272.91,7.618e4,0.052
17.065,272.966,7.626e4,0.052
17.058,273.021,7.634e4,0.052
17.05,273.077,7.643e4,0.051
17.044,273.132,7.651e4,0.051
17.034,273.188,7.659e4,0.051
17.027,273.243,7.667e4,0.051
17.021,273.298,7.675e4,0.051
17.013,273.354,7.684e4,0.051
17.005,273.409,7.692e4,0.051
16.999,273.464,7.7e4,0.051
16.991,273.52,7.708e4,0.051
16.984,273.575,7.716e4,0.051
16.977,273.63,7.724e4,0.051
16.97,273.685,7.733e4,0.051
16.963,273.74,7.741e4,0.051
16.955,273.795,7.749e4,0.051
16.948,273.851,7.757e4,0.051
16.941,273.906,7.765e4,0.051
16.933,273.961,7.773e4,0.051
16.926,274.016,7.782e4,0.051
16.919,274.071,7.79e4,0.051
16.913,274.126,7.798e4,0.051
16.904,274.181,7.806e4,0.051
16.897,274.236,7.814e4,0.051
16.891,274.291,7.822e4,0.051
16.884,274.346,7.83e4,0.051
16.878,274.4,7.839e4,0.051
16.869,274.455,7.847e4,0.051
16.863,274.51,7.855e4,0.051
16.855,274.565,7.863e4,0.051
16.848,274.62,7.871e4,0.051
16.844,274.674,7.879e4,0.051
16.833,274.729,7.887e4,0.051
16.827,274.784,7.895e4,0.051
16.82,274.839,7.903e4,0.051
16.814,274.893,7.912e4,0.051
16.807,274.948,7.92e4,0.051
16.8,275.003,7.928e4,0.051
16.793,275.057,7.936e4,0.051
16.787,275.112,7.944e4,0.051
16.779,275.166,7.952e4,0.05
16.772,275.221,7.961e4,0.05
16.766,275.275,7.969e4,0.05
16.757,275.33,7.978e4,0.05
16.751,275.384,7.986e4,0.05
16.743,275.439,7.994e4,0.05
16.736,275.493,8.003e4,0.05
16.728,275.548,8.011e4,0.05
16.721,275.602,8.02e4,0.05
16.715,275.656,8.028e4,0.05
16.707,275.711,8.037e4,0.05
16.7,275.765,8.045e4,0.05
16.693,275.819,8.054e4,0.05
16.686,275.874,8.062e4,0.05
16.679,275.928,8.071e4,0.05
16.672,275.982,8.079e4,0.05
16.665,276.036,8.088e4,0.05
16.658,276.09,8.096e4,0.05
16.651,276.145,8.104e4,0.05
16.643,276.199,8.113e4,0.05
16.637,276.253,8.121e4,0.05
16.63,276.307,8.13e4,0.05
16.622,276.361,8.138e4,0.05
16.616,276.415,8.146e4,0.05
16.61,276.469,8.155e4,0.05
16.601,276.523,8.163e4,0.05
16.595,276.577,8.172e4,0.05
16.588,276.631,8.18e4,0.05
16.581,276.685,8.189e4,0.05
16.574,276.739,8.197e4,0.05
16.567,276.793,8.205e4,0.05
16.561,276.846,8.214e4,0.05
16.554,276.9,8.222e4,0.05
16.547,276.954,8.23e4,0.05
16.541,277.008,8.239e4,0.05
16.533,277.062,8.247e4,0.05
16.527,277.115,8.256e4,0.05
16.52,277.169,8.264e4,0.05
16.513,277.223,8.272e4,0.049
16.506,277.276,8.281e4,0.049
16.5,277.33,8.289e4,0.049
16.493,277.384,8.297e4,0.049
16.486,277.437,8.306e4,0.049
16.48,277.491,8.314e4,0.049
16.473,277.544,8.322e4,0.049
16.466,277.598,8.331e4,0.049
16.46,277.652,8.339e4,0.049
16.453,277.705,8.347e4,0.049
16.447,277.759,8.356e4,0.049
16.439,277.812,8.364e4,0.049
16.434,277.865,8.372e4,0.049
16.426,277.919,8.381e4,0.049
16.42,277.972,8.389e4,0.049
16.414,278.026,8.397e4,0.049
16.407,278.079,8.406e4,0.049
16.4,278.132,8.414e4,0.049
16.394,278.186,8.422e4,0.049
16.387,278.239,8.431e4,0.049
16.381,278.292,8.439e4,0.049
16.375,278.345,8.447e4,0.049
16.368,278.399,8.455e4,0.049
16.362,278.452,8.464e4,0.049
16.354,278.505,8.473e4,0.049
16.348,278.558,8.481e4,0.049
16.341,278.611,8.49e4,0.049
16.334,278.664,8.499e4,0.049
16.327,278.718,8.508e4,0.049
16.321,278.771,8.516e4,0.049
16.314,278.824,8.525e4,0.049
16.307,278.877,8.534e4,0.049
16.301,278.93,8.542e4,0.049
16.294,278.983,8.551e4,0.049
16.287,279.036,8.56e4,0.049
16.281,279.089,8.568e4,0.049
16.274,279.142,8.577e4,0.049
16.268,279.194,8.586e4,0.049
16.26,279.247,8.594e4,0.049
16.254,279.3,8.603e4,0.049
16.247,279.353,8.612e4,0.049
16.241,279.406,8.62e4,0.048
15.82,279.459,8.629e4,0.048
15.668,279.511,8.637e4,0.047
15.608,279.562,8.646e4,0.047
15.582,279.613,8.654e4,0.047
15.569,279.663,8.662e4,0.046
15.56,279.714,8.671e4,0.046
15.553,279.765,8.679e4,0.046
15.547,279.815,8.687e4,0.046
15.541,279.866,8.695e4,0.046
15.535,279.916,8.704e4,0.046
15.529,279.967,8.712e4,0.046
15.523,280.017,8.72e4,0.046
15.517,280.068,8.729e4,0.046
15.511,280.118,8.737e4,0.046
15.505,280.168,8.745e4,0.046
15.5,280.219,8.753e4,0.046
15.492,280.269,8.762e4,0.046
15.487,280.32,8.77e4,0.046
15.482,280.37,8.778e4,0.046
15.476,280.42,8.786e4,0.046
15.47,280.471,8.794e4,0.046
15.464,280.521,8.803e4,0.046
15.458,280.571,8.811e4,0.046
15.453,280.621,8.819e4,0.046
15.446,280.672,8.827e4,0.046
15.441,280.722,8.836e4,0.046
15.434,280.772,8.844e4,0.046
15.429,280.822,8.852e4,0.046
15.424,280.872,8.86e4,0.046
15.418,280.922,8.868e4,0.046
15.412,280.973,8.877e4,0.046
15.406,281.023,8.885e4,0.046
15.401,281.073,8.893e4,0.046
15.395,281.123,8.901e4,0.046
15.389,281.173,8.909e4,0.046
15.383,281.223,8.918e4,0.046
15.378,281.273,8.926e4,0.046
15.372,281.323,8.934e4,0.046
15.367,281.373,8.942e4,0.046
15.361,281.423,8.95e4,0.046
15.355,281.473,8.958e4,0.046
15.35,281.523,8.967e4,0.046
15.344,281.573,8.975e4,0.046
15.338,281.622,8.983e4,0.046
15.333,281.672,8.991e4,0.046
15.327,281.722,9e4,0.046
15.321,281.772,9.008e4,0.046
15.315,281.822,9.017e4,0.046
15.309,281.871,9.026e4,0.046
15.303,281.921,9.034e4,0.045
15.298,281.971,9.043e4,0.045
15.291,282.021,9.051e4,0.045
15.286,282.07,9.06e4,0.045
15.279,282.12,9.068e4,0.045
15.274,282.17,9.077e4,0.045
15.268,282.219,9.085e4,0.045
15.263,282.269,9.094e4,0.045
15.257,282.319,9.102e4,0.045
